{
    "loss": 16.854461669921875,
    "accuracy": 0.5735294222831726
}