{
    "loss": 18.037979125976562,
    "accuracy": 0.5735294222831726
}