{
    "loss": 20.18565559387207,
    "accuracy": 0.4264705777168274
}